[{"model": "blog.links", "pk": 1, "fields": {"title": "Bootstrap", "url": "https://getbootstrap.com/docs/5.2/getting-started/introduction/", "description": "Bootstrap - это мощный, многофункциональный набор инструментов для фронтенда. Создавайте все - от прототипа до продукта - за считанные минуты", "category": 1, "is_published": true}}, {"model": "blog.links", "pk": 2, "fields": {"title": "Xpath cheatsheet", "url": "https://devhints.io/xpath", "description": "Хорошая справка по XPATH", "category": 1, "is_published": true}}, {"model": "blog.links", "pk": 3, "fields": {"title": "Примеры XPath", "url": "https://docs.microsoft.com/ru-ru/previous-versions/ms256086(v=vs.120)?redirectedfrom=MSDN", "description": "Обзор синтаксических примеров, используемых в справочной документации по XPath", "category": 1, "is_published": true}}, {"model": "blog.links", "pk": 4, "fields": {"title": "SQLAlchemy во Flask", "url": "https://flask-russian-docs.readthedocs.io/ru/latest/patterns/sqlalchemy.html", "description": "Расширение Flask-SQLAlchemy", "category": 2, "is_published": true}}, {"model": "blog.links", "pk": 5, "fields": {"title": "Tkinter", "url": "https://python-scripts.com/tkinter", "description": "Tkinter — создание графического интерфейса в Python", "category": 2, "is_published": true}}, {"model": "blog.links", "pk": 6, "fields": {"title": "Документация по фреймворку Django", "url": "https://django.fun/docs/", "description": "Django (Джанго) — свободный фреймворк для веб-приложений на языке Python, использующий шаблон проектирования MVC", "category": 2, "is_published": true}}, {"model": "blog.links", "pk": 7, "fields": {"title": "Работа с XML", "url": "https://www.codecamp.ru/blog/python-manipulating-xml/", "description": "Работа с XML из Python", "category": 2, "is_published": true}}, {"model": "blog.links", "pk": 8, "fields": {"title": "Спасательный круг для изучающих Tkinter", "url": "https://www.russianlutheran.org/python/life/life.htm", "description": "Настоящий документ не является исчерпывающим учебным руководством по Tk или Tkinter. Скорее его следует рассматривать как попытку восполнить пробел в учебной литературе, чтобы читатель смог начать ориентироваться в системе.", "category": 2, "is_published": true}}, {"model": "blog.links", "pk": 9, "fields": {"title": "\"Поколение Python\": курс для начинающих", "url": "https://stepik.org/course/58852/", "description": "\"Поколение Python: курс для начинающих\" знакомит школьников и всех, кому это интересно, с программированием", "category": 3, "is_published": true}}, {"model": "blog.links", "pk": 10, "fields": {"title": "Добрый, добрый Python - обучающий курс от Сергея Балакирева", "url": "https://stepik.org/course/100707/", "description": "Этот курс позволит вам изучить основы программирования на языке Python, начиная с самых азов и заканчивая довольно серьезными конструкциями.", "category": 3, "is_published": true}}, {"model": "blog.links", "pk": 11, "fields": {"title": "Программирование на Python", "url": "https://stepik.org/course/67/", "description": "В этом курсе по программированию на языке Python вы познакомитесь с базовыми понятиями программирования.", "category": 3, "is_published": true}}, {"model": "blog.links", "pk": 12, "fields": {"title": "Регулярные выражения в Python", "url": "https://stepik.org/course/107335/", "description": "Большой курс, в котором разобрано всё от А до Я", "category": 3, "is_published": true}}, {"model": "blog.links", "pk": 13, "fields": {"title": "\"Поколение Python\": курс для продвинутых", "url": "https://stepik.org/course/68343/", "description": "Курс – победитель конкурса Stepik Awards 2021 в номинации \"Лучший бесплатный онлайн-курс размещенный на платформе Stepik\"", "category": 4, "is_published": true}}, {"model": "blog.links", "pk": 14, "fields": {"title": "Python для решения практических задач", "url": "https://stepik.org/course/4519/", "description": "На примерах задач сбора данных (Data Scraping) мы научимся читать StackOverflow, документацию, искать нужные библиотеки и исправлять возникающие ошибки.", "category": 4, "is_published": true}}, {"model": "blog.links", "pk": 15, "fields": {"title": "Python: основы и применение", "url": "https://stepik.org/course/512/", "description": "В этом курсе вы узнаете фундаментальные принципы языка Python: как интерпретатор исполняет код, где он хранит переменные и данные, как определяются свои собственные типы данных и функции", "category": 4, "is_published": true}}, {"model": "blog.links", "pk": 16, "fields": {"title": "SPA сайт на Django Rest Framework и NuxtJS", "url": "https://stepik.org/course/82067/", "description": "Это краш курс по созданию блога. В этом курсе вы не увидите подробный разбор каждой технологиии в отдельности. Этот курс скорее направлен на то чтобы показать как технологии интегрируются между собой.", "category": 4, "is_published": true}}, {"model": "blog.links", "pk": 17, "fields": {"title": "Web-технологии", "url": "https://stepik.org/course/154/", "description": "Курс посвящен разработке серверной части web-приложений, их архитектуре и протоколу HTTP.", "category": 4, "is_published": true}}, {"model": "blog.links", "pk": 18, "fields": {"title": "Автоматизация тестирования с помощью Selenium и Python", "url": "https://stepik.org/course/575/", "description": "Это базовый курс для начинающих тестировщиков, который научит вас писать автоматизированные UI-тесты на языке программирования Python с помощью библиотеки Selenium.", "category": 4, "is_published": true}}, {"model": "blog.links", "pk": 19, "fields": {"title": "Адаптивный тренажер Python", "url": "https://stepik.org/course/431/", "description": "Курс представляет собой набор задач на языке Python. Сложность задач варьируется от начальной до высокой. Курс проходится в специальном адаптивном режиме", "category": 4, "is_published": true}}, {"model": "blog.links", "pk": 20, "fields": {"title": "Алгоритмы: теория и практика. Методыhttps://stepik.org/course/217/", "url": "https://stepik.org/course/217/", "description": "В курсе будут разобраны основные алгоритмические методы: жадные алгоритмы, «разделяй и властвуй», динамическое программирование.", "category": 4, "is_published": true}}, {"model": "blog.links", "pk": 21, "fields": {"title": "Алгоритмы: теория и практика. Структуры данных", "url": "https://stepik.org/course/1547/", "description": "В курсе будут рассмотрены структуры данных, наиболее часто использующиеся на практике: массивы, списки, очереди, стеки, динамические массивы, очереди с приоритетами, системы непересекающихся множеств, хеш-таблицы, сбалансированные деревья.", "category": 4, "is_published": true}}, {"model": "blog.links", "pk": 22, "fields": {"title": "Введение в Data Science и машинное обучение", "url": "https://stepik.org/course/4852/", "description": "Курс знакомит слушателей с основами машинного обучения и рассчитан в первую очередь на тех слушателей, которые только начинают свой путь в Data Science.", "category": 4, "is_published": true}}, {"model": "blog.links", "pk": 23, "fields": {"title": "Добрый, добрый Python ООП - обучающий курс от Сергея Балакирева", "url": "https://stepik.org/course/116336/", "description": "Здесь вы сможете с нуля, с самого начала постичь магию объектно-ориентированного программирования.", "category": 4, "is_published": true}}, {"model": "blog.links", "pk": 24, "fields": {"title": "Многопоточность и многопроцессорность Python", "url": "https://stepik.org/course/107365/", "description": "Материал данного курса, полностью охватывают все технологии, которые применяются в модулях Threading и Multiprocessing.", "category": 4, "is_published": true}}, {"model": "blog.links", "pk": 25, "fields": {"title": "Парсинг сайтов Python", "url": "https://stepik.org/course/78983/", "description": "Вы научитесь собирать данные с сайтов и автоматизировать любые действия, которые может совершить пользователь, используя интернет ресурсы.", "category": 4, "is_published": true}}, {"model": "blog.links", "pk": 26, "fields": {"title": "Создание бота в Telegram", "url": "https://stepik.org/course/105581/", "description": "Цель курса - формирование общего представления об устройстве и строении ботов, для использования полученных навыков в будущем.", "category": 4, "is_published": true}}, {"model": "blog.links", "pk": 27, "fields": {"title": "Chrome Headless Detection", "url": "https://intoli.com/blog/making-chrome-headless-undetectable/chrome-headless-test.html", "description": "Детектор ботов использующих Selenium", "category": 5, "is_published": true}}, {"model": "blog.links", "pk": 28, "fields": {"title": "Pycharm – Краткое руководство", "url": "https://coderlessons.com/tutorials/python-technologies/uznaite-pycharm/pycharm-kratkoe-rukovodstvo", "description": "PyCharm – самая популярная среда разработки, используемая для языка сценариев Python.", "category": 5, "is_published": true}}, {"model": "blog.links", "pk": 29, "fields": {"title": "Regex", "url": "https://regex101.com/", "description": "Работа с регулярными выражениями онлайн", "category": 5, "is_published": true}}, {"model": "blog.links", "pk": 30, "fields": {"title": "Антибот", "url": "https://bot.sannysoft.com/", "description": "Онлайн детектор ботов", "category": 5, "is_published": true}}, {"model": "blog.links", "pk": 31, "fields": {"title": "Генератор данных", "url": "https://generatedata.com/generator", "description": "Онлайн генератор данных. Создает файлы JSON, CSV, HTML, SQL, XML, JavaScript, Python и др.", "category": 5, "is_published": true}}, {"model": "blog.links", "pk": 32, "fields": {"title": "Онлайн-база прокси-листов", "url": "https://hidemy.name/ru/proxy-list/?type=h#list", "description": "Все прокси проходят тщательную и регулярную проверку на пинг, тип, страну,\nскорость соединения, степень анонимности и аптайм по количеству проверок.\nВ платной подписке доступен экспорт прокси-листа в формате IP:Port и API-доступ.", "category": 5, "is_published": true}}, {"model": "blog.links", "pk": 33, "fields": {"title": "Площадка для кодирования для разработчиков", "url": "https://www.tutorialspoint.com/codingground.htm", "description": "Кодируйте, редактируйте, запускайте и делитесь", "category": 5, "is_published": true}}, {"model": "blog.links", "pk": 34, "fields": {"title": "Прокси-серверы", "url": "http://free-proxy.cz/ru/", "description": "Свежий список прокси-серверов", "category": 5, "is_published": true}}, {"model": "blog.links", "pk": 35, "fields": {"title": "Heroku", "url": "https://www.heroku.com/", "description": "Хороший хостинг с бесплатной регистрацией и поддержкой PIP, Flask, Django и т.д.", "category": 6, "is_published": true}}, {"model": "blog.links", "pk": 36, "fields": {"title": "PythonAnywhere", "url": "https://www.pythonanywhere.com/", "description": "Хороший хостинг с бесплатной регистрацией и поддержкой PIP, Flask, Django и т.д.", "category": 6, "is_published": true}}, {"model": "blog.linkscategory", "pk": 1, "fields": {"name": "HTML/CSS/JavaScript"}}, {"model": "blog.linkscategory", "pk": 2, "fields": {"name": "Документация Python"}}, {"model": "blog.linkscategory", "pk": 3, "fields": {"name": "Курсы Python для начинающих"}}, {"model": "blog.linkscategory", "pk": 4, "fields": {"name": "Курсы Python продолжение"}}, {"model": "blog.linkscategory", "pk": 5, "fields": {"name": "Разное"}}, {"model": "blog.linkscategory", "pk": 6, "fields": {"name": "Хостинг для Python"}}, {"model": "blog.contactmessage", "pk": 1, "fields": {"name": "dd", "title": "eere", "email": "dd@mm.com", "content": "rerer", "user": "Гость"}}, {"model": "blog.contactmessage", "pk": 2, "fields": {"name": "rwerwr", "title": "fsdfdfsf", "email": "sss@dss.ss", "content": "dfdsfsdfddfdsfs", "user": "Гость"}}, {"model": "blog.contactmessage", "pk": 3, "fields": {"name": "nsgat", "title": "xxxx", "email": "sss@dss.ss", "content": "test test test", "user": "Гость"}}, {"model": "blog.contactmessage", "pk": 4, "fields": {"name": "eeeee", "title": "dddddd", "email": "user1@ww.rr", "content": "sdfsfsdfsdfsf", "user": "Гость"}}, {"model": "blog.contactmessage", "pk": 5, "fields": {"name": "eeeee", "title": "dfsdfdfdff", "email": "user1@ww.rr", "content": "sdfsffdfsdfdsfsfsfds", "user": "Гость"}}]